id,date,name,phone,delivery,orderTotal
1,1608083771934,Виктория Рожкова,+7 670 852 27 67,"397983, Тюменская область
Астрахань, 23021 Hilbert площадь",1274999
2,1618840173975,Никита Жуков,+3 799 238 11 26,"910371, Алтайский край
Челябинск, 640 Белов ул.",1434999
3,1623869722634,Антонина Бобылева,+7 250 290 53 76,self-pickup,359999
4,1630287399214,Валерий Копылов,+7 744 586 44 90,self-pickup,114999
5,1612737734745,Наталья Некрасова,+7 206 440 09 96,self-pickup,339999
6,1625266335294,Владислав Гусев,+7 897 702 21 63,self-pickup,1114999
7,1611797539281,Арсений Исаков,+2 537 778 52 55,self-pickup,1229999
8,1612889247405,Константин Евсеев,+4 394 733 83 83,"408135, Тамбовская область
Красноярск, 178 Mattie пр.",974999
9,1609119590241,Зоя Захарова,+4 302 423 02 79,"711401, Ставропольский край
Тюмень, 4117 Eleanore площадь",1279999
10,1618460876520,Валерий Беляев,+3 919 343 13 69,"070842, Самарская область
Уфа, 8052 Горшков пр.",594999
11,1625587553553,Максим Игнатьев,+7 591 337 39 44,self-pickup,444999
12,1625330521587,Лариса Беспалова,+7 305 383 32 45,self-pickup,1074999
13,1634537255462,Леонид Игнатов,+7 316 666 79 70,"716969, Пензенская область
Брянск, 3901 Максимова проспект",1079999
14,1622701369390,Андрей Воробьев,+2 453 294 07 41,self-pickup,1364999
15,1605059944264,Игнатий Фомин,+7 489 834 91 68,self-pickup,1024999
16,1626947440665,Константин Соболев,+5 586 451 92 34,self-pickup,1339999
17,1615642773093,Михаил Мишин,+5 696 609 41 75,"154640, Пермская область
Киров, 343 Alessandra проспект",369999
18,1608114051607,Ангелина Якушева,+4 434 425 18 94,"700465, Пермская область
Москва, 472 Якушев пр.",669999
19,1624123017919,Тамара Кондратьева,+7 559 950 25 46,"118505, Свердловская область
Томск, 9198 Яковлева пл.",639999
20,1616181971298,Кира Захарова,+7 733 430 92 87,self-pickup,1159999
21,1626842411666,Станислав Фролов,+7 227 966 07 00,"346084, Республика Башкортостан
Воронеж, 591 Савин пр.",319999
22,1619053218106,Виктор Лебедев,+7 671 527 56 48,self-pickup,1069999
23,1623123001930,Клавдия Щербакова,+7 373 665 10 96,self-pickup,129999
24,1617350702323,Любовь Фролова,+5 567 961 31 30,self-pickup,864999
25,1606583895328,Валерия Кузьмина,+7 225 658 83 49,"623346, Смоленская область
Владимир, 293 Брагин площадь",634999
26,1627905792823,Григорий Дьячков,+4 875 842 52 25,"143179, Астраханская область
Екатеринбург, 70027 Diego пр.",1459999
27,1621308948935,Георгий Куликов,+7 623 414 77 29,"928958, Усть-Ордынский Бурятский автономный округ
Иваново, 379 Чернова пл.",1329999
28,1625371630894,Георгий Гущин,+7 395 789 92 27,"310357, Иркутская область
Иркутск, 5003 Голубев проспект",969999
29,1630209273580,Владимир Зимин,+6 561 409 24 47,self-pickup,1164999
30,1618399024966,Лидия Нестерова,+7 555 636 31 60,"677544, Курганская область
Санкт-Петербург, 4490 Hellen площадь",1304999
31,1616708995662,Римма Григорьева,+7 706 498 04 23,"152955, Приморский край
Тула, 453 Стрелков пл.",389999
32,1615335505637,Алла Овчинникова,+8 867 485 65 79,"696441, Брянская область
Хабаровск, 86065 Lorenzo площадь",1014999
33,1623266596271,Даниил Крюков,+2 528 531 15 33,"970862, Омская область
Тюмень, 90413 Cathryn площадь",1429999
34,1627493583318,Михаил Сидоров,+7 578 688 80 98,"279909, Кемеровская область
Краснодар, 52939 Калашникова улица",554999
35,1607682436903,Оксана Муравьева,+7 501 405 07 81,self-pickup,1409999
36,1617305027582,Анфиса Горбачева,+7 420 427 75 81,self-pickup,254999
37,1614827537444,Станислав Мишин,+8 599 373 46 77,self-pickup,1444999
38,1626610856973,Сергей Степанов,+7 661 515 42 97,"060554, Ульяновская область
Брянск, 3457 Прохорова площадь",819999
39,1625090428819,Арина Попова,+3 398 420 95 20,"941257, Камчатская область
Казань, 441 Ronny проспект",179999
40,1626077864065,Марина Артемьева,+7 821 502 04 82,"997004, Кировская область
Тула, 693 Пономарева пр.",764999
41,1610773280537,Николай Селиверстов,+7 863 464 38 73,"953856, Таймырский (Долгано-Ненецкий) автономный округ
Омск, 3785 Фролов ул.",1329999
42,1620392746919,Клавдия Пахомова,+7 222 430 45 70,self-pickup,1069999
43,1628629919135,Валентин Цветков,+3 586 515 77 09,self-pickup,1284999
44,1630046641806,Раиса Фомичева,+9 861 651 80 71,self-pickup,314999
45,1622150608113,София Евсеева,+7 214 301 40 93,self-pickup,374999
46,1632683273688,Нина Харитонова,+9 603 717 32 12,"488059, Камчатская область
Москва, 640 Ефимов пр.",549999
47,1618931588665,Борис Давыдов,+7 632 751 86 19,self-pickup,1134999
48,1614779187506,Варвара Кириллова,+6 281 435 79 05,self-pickup,954999
49,1629254399630,Ярослав Калинин,+4 287 463 07 13,"568852, Волгоградская область
Уфа, 36913 Barton пр.",274999
50,1618365637368,Галина Анисимова,+7 658 578 13 86,"505879, Астраханская область
Самара, 1913 Воронов ул.",699999
51,1632450377901,Макар Якушев,+7 241 883 47 15,self-pickup,869999
52,1612498926724,Никита Зайцев,+6 986 362 01 43,self-pickup,1279999
53,1617022306878,Вячеслав Колобов,+9 271 569 27 74,self-pickup,1324999
54,1609112768133,Герман Архипов,+5 696 454 04 05,self-pickup,934999
55,1622658284131,Василиса Кузьмина,+7 538 618 13 68,self-pickup,169999
56,1633716592158,Нина Сорокина,+7 591 483 43 47,self-pickup,1434999
57,1616029926258,Тамара Кошелева,+7 993 624 94 11,"398052, Вологодская область
Кемерово, 664 Дроздова пл.",169999
58,1613885088385,Екатерина Баранова,+7 999 816 21 30,"910605, Ямало-Ненецкий автономный округ
Москва, 8788 Русаков ул.",209999
59,1611729579301,Михаил Самойлов,+6 708 994 17 73,self-pickup,484999
60,1606379585927,Юрий Князев,+7 578 386 25 53,self-pickup,1239999
61,1623000378470,Зинаида Петрова,+4 671 967 78 49,self-pickup,1054999
62,1616046988113,Римма Третьякова,+2 667 856 77 95,"719707, Ханты-Мансийский автономный округ
Барнаул, 7874 Neoma ул.",384999
63,1616417100930,Лаврентий Гаврилов,+6 572 747 09 63,"072604, Ростовская область
Чебоксары, 227 Augusta проспект",934999
64,1611122859429,Григорий Кулагин,+9 602 755 66 58,self-pickup,754999
65,1611896982489,Ксения Бурова,+7 904 282 18 25,"635294, Владимирская область
Санкт-Петербург, 706 Селезнева пр.",514999
66,1618222741774,Семён Шашков,+6 649 498 37 88,self-pickup,1059999
67,1624642376524,Юлия Русакова,+7 419 332 43 40,self-pickup,114999
68,1608986287244,Маргарита Комарова,+7 849 211 80 57,"313532, Томская область
Махачкала, 980 Larue проспект",334999
69,1613562778032,Владислав Мамонтов,+7 236 832 38 46,self-pickup,1419999
70,1617538137867,Лариса Комиссарова,+7 426 917 18 09,"525187, Мурманская область
Ижевск, 42924 Audra площадь",1199999
71,1631359679002,Григорий Алексеев,+7 938 678 22 55,self-pickup,714999
72,1632560672475,Арсений Максимов,+7 910 249 37 48,self-pickup,1494999
73,1628309246934,Валентина Корнилова,+7 804 707 93 39,"855033, Ростовская область
Казань, 85508 Amelia пр.",444999
74,1612045610637,Андрей Евсеев,+2 588 745 61 53,"447161, Красноярский край
Владимир, 968 Фокин площадь",969999
75,1621886773850,Игнатий Мамонтов,+7 335 591 63 39,"910484, Тамбовская область
Махачкала, 024 Бирюкова пр.",1459999
76,1610615670045,Игнатий Шестаков,+2 408 272 71 90,self-pickup,454999
77,1626764308558,Клавдия Дьячкова,+3 975 891 77 53,self-pickup,1344999
78,1611319788035,Василий Носов,+6 551 850 31 73,"280182, Орловская область
Магнитогорск, 43598 Ariane проспект",434999
79,1607574854732,Константин Веселов,+7 353 479 89 79,self-pickup,1174999
80,1620184493961,Арсений Шестаков,+3 242 223 73 91,self-pickup,1434999
81,1627483149272,Константин Стрелков,+7 392 800 28 32,self-pickup,269999
82,1629882709822,Елена Игнатова,+7 983 837 21 85,"668892, Республика Марий Эл
Ярославль, 243 Maryam пл.",259999
83,1623865970379,Василий Наумов,+3 351 243 09 22,self-pickup,734999
84,1616324964746,Валентина Новикова,+7 746 496 88 64,self-pickup,329999
85,1628618147035,Анастасия Носова,+4 347 220 47 95,self-pickup,729999
86,1623268015761,Михаил Назаров,+7 553 779 49 53,self-pickup,574999
87,1615927034403,София Данилова,+9 478 980 68 50,"830996, Московская область
Тула, 540 Кулагин пр.",449999
88,1621213455350,Никита Копылов,+7 318 989 01 19,self-pickup,914999
89,1630817805445,Николай Жданов,+3 427 519 54 77,self-pickup,754999
90,1629636591583,Артём Крылов,+2 739 259 06 92,"034803, Нижегородская область
Ярославль, 526 Игнатьев ул.",1174999
91,1603496796539,Альберт Тимофеев,+7 600 867 73 47,"696473, Челябинская область
Кемерово, 759 Дмитриев проспект",1009999
92,1613293679890,Елизавета Колесникова,+7 532 257 09 58,self-pickup,909999
93,1604416951063,Леонид Туров,+5 459 765 18 97,"080592, Алтайский край
Томск, 47374 Elna пр.",1314999
94,1628214661358,Алёна Макарова,+7 929 460 12 99,"851495, Сахалинская область
Самара, 945 Комиссаров пр.",1404999
95,1614931399448,Регина Богданова,+5 415 473 58 97,self-pickup,1019999
96,1625968626509,Ольга Кошелева,+7 548 551 38 10,self-pickup,1499999
97,1630191442439,Тамара Блинова,+7 452 413 04 87,"591584, Краснодарский край
Махачкала, 456 Telly ул.",1144999
98,1611102436736,Ирина Агафонова,+9 458 220 67 74,self-pickup,649999
99,1607419600727,Владислав Яковлев,+9 412 734 37 27,"568601, Брянская область
Казань, 63121 Нестерова пл.",154999
100,1622547380499,Алевтина Куликова,+7 555 335 90 70,"473683, Ямало-Ненецкий автономный округ
Красноярск, 232 Константинова проспект",529999
101,1619074780648,Юрий Елисеев,+7 935 899 52 81,self-pickup,1174999
102,1618322815751,Александра Белоусова,+2 722 226 74 60,"173944, Красноярский край
Омск, 44419 Jade ул.",1234999
103,1608606785219,Виктор Макаров,+7 962 781 09 48,"909246, Корякский автономный округ
Барнаул, 32238 Пестова проспект",794999
104,1617971033126,Таисия Панова,+8 403 676 26 56,"467084, Орловская область
Краснодар, 6513 Dashawn улица",249999
105,1609675754766,Эдуард Тихонов,+5 823 508 53 08,self-pickup,934999
106,1613327286376,Николай Виноградов,+7 222 589 36 44,self-pickup,924999
107,1627651865029,Антонида Моисеева,+7 617 951 63 47,"159535, Республика Хакасия
Астрахань, 12759 Ширяева площадь",1069999
108,1634251876022,Варвара Кудрявцева,+8 907 822 90 75,self-pickup,1344999
109,1616658818750,Анжелика Назарова,+2 265 521 07 27,self-pickup,1009999
110,1609202688153,Нина Филиппова,+3 306 659 68 88,self-pickup,144999
111,1609116130646,Антон Гришин,+7 766 924 51 77,"519755, Волгоградская область
Самара, 18737 Joany проспект",314999
112,1628386345530,Алевтина Сазонова,+5 985 254 23 52,self-pickup,724999
113,1615240616997,Даниил Туров,+4 686 788 18 69,"952232, Ханты-Мансийский автономный округ
Липецк, 359 Никитин площадь",1079999
114,1632007547801,Елена Соколова,+5 607 678 78 95,"679302, Пензенская область
Красноярск, 070 Игнатьев пл.",594999
115,1627431820902,Виктор Суворов,+7 823 837 50 75,self-pickup,244999
116,1604480906331,Алина Богданова,+7 606 270 48 79,"554046, Оренбургская область
Тольятти, 0346 Milan площадь",709999
117,1632267625654,Ульяна Коновалова,+7 573 681 08 39,"258881, Ханты-Мансийский автономный округ
Владимир, 863 Киселев пр.",409999
118,1629622862004,Алексей Меркушев,+3 963 985 93 29,self-pickup,884999
119,1629337987378,Алексей Белозеров,+7 503 608 41 02,self-pickup,1189999
120,1605403749879,Ксения Лапина,+2 596 744 45 46,self-pickup,1004999
121,1604150017798,Евгений Морозов,+7 543 592 54 00,self-pickup,534999
122,1611419680599,Дмитрий Воронцов,+6 357 266 10 22,"884784, Тюменская область
Владивосток, 2792 Ephraim пл.",1144999
123,1610563784619,Маргарита Мясникова,+7 225 444 61 36,"661978, Ханты-Мансийский автономный округ
Барнаул, 1198 Шарапова проспект",704999
124,1616949187628,Людмила Рябова,+2 412 733 59 15,"819809, Белгородская область
Киров, 79082 Cornell пр.",1089999
125,1617011755594,Игорь Беляков,+9 929 615 11 55,self-pickup,779999
126,1604072675275,Валерий Шестаков,+4 609 336 52 58,"231905, Сахалинская область
Барнаул, 41206 Калинин ул.",439999
127,1623260655379,Татьяна Блинова,+7 305 734 59 21,"555499, Республика Адыгея
Ростов-на-Дону, 06212 Jefferey площадь",904999
128,1610654416586,Матвей Бирюков,+7 215 873 36 40,self-pickup,629999
129,1608808128766,Ольга Евсеева,+5 368 640 48 63,"614570, Калиниградская область
Краснодар, 510 Русакова улица",569999
130,1618811618427,Людмила Крылова,+2 788 878 53 54,self-pickup,354999
131,1627904663965,Елена Андреева,+6 554 487 55 71,"196870, Курская область
Тверь, 41930 Ермаков проспект",439999
132,1613656505360,Римма Миронова,+7 763 482 16 60,self-pickup,1079999
133,1614753520428,Галина Коновалова,+7 593 739 66 89,self-pickup,1304999
134,1628561884415,Максим Горшков,+2 785 748 43 76,self-pickup,1074999
135,1610676660032,Валерия Дьячкова,+7 371 410 29 44,self-pickup,309999
136,1628365668550,Лука Колесников,+7 318 721 78 92,self-pickup,949999
137,1605352760155,Максим Белоусов,+7 891 274 92 93,self-pickup,689999
138,1633405521432,Ярослав Колобов,+7 228 793 54 86,self-pickup,469999
139,1622215297672,Лука Фролов,+7 824 546 05 34,"108730, Кемеровская область
Новокузнецк, 5948 Панова площадь",389999
140,1625610476464,Антонида Панова,+4 806 391 37 00,"265395, Чувашская Республика
Саратов, 2285 Мамонтов проспект",774999
141,1620193058829,Валентина Полякова,+5 704 843 99 51,"192885, Ненецкий автономный округ
Кемерово, 9614 Brain пл.",839999
142,1611054345189,Борис Аксенов,+8 963 353 35 75,"597082, Кемеровская область
Пермь, 8022 Janelle ул.",1489999
143,1618894938649,Илья Ковалев,+2 990 431 59 55,self-pickup,509999
144,1611167782946,Максим Копылов,+7 608 223 34 53,"726593, Тверская область
Сочи, 963 Marilyne улица",1064999
145,1625355538798,Герман Михайлов,+7 291 755 12 38,self-pickup,314999
146,1623543747219,Михаил Жданов,+7 847 436 37 77,self-pickup,789999
147,1615310670330,Фёдор Григорьев,+9 964 547 36 96,self-pickup,559999
148,1629894297367,Ирина Жданова,+7 714 775 03 74,"521176, Псковская область
Хабаровск, 92664 Karlie ул.",949999
149,1628184465353,Валентина Федорова,+7 528 541 55 31,self-pickup,609999
150,1631543264247,Даниил Ильин,+7 315 628 87 40,"309201, Архангельская область
Сочи, 3933 Jaquan пр.",119999
151,1623419170436,Виктор Корнилов,+7 651 817 03 84,self-pickup,204999
152,1623938928740,Эдуард Брагин,+7 265 791 90 21,self-pickup,1454999
153,1613463418059,Алина Ефремова,+5 300 330 86 48,"528269, Агинский Бурятский авт. округ
Хабаровск, 5480 Emelie пл.",504999
154,1604297276840,Людмила Новикова,+7 335 693 74 88,"818433, Омская область
Краснодар, 9154 Elta пр.",574999
155,1621166112448,Иван Федосеев,+7 975 479 48 39,"386006, Липецкая область
Пенза, 3936 Megane ул.",1314999
156,1612480237497,Леонид Алексеев,+3 764 823 49 11,self-pickup,364999
157,1628579177993,Владислав Андреев,+4 789 789 27 35,self-pickup,829999
158,1630873737005,Юрий Пестов,+7 327 352 33 32,self-pickup,489999
159,1615051240010,Никита Михайлов,+7 413 616 01 90,self-pickup,1009999
160,1617967429984,Марина Власова,+7 484 618 75 75,"991858, Белгородская область
Барнаул, 5235 Бирюков ул.",934999
161,1629771923810,Наталья Ефремова,+7 987 700 29 79,self-pickup,1444999
162,1606260656870,Егор Власов,+7 855 640 86 73,self-pickup,104999
163,1620348243226,Дарья Одинцова,+7 851 434 92 12,self-pickup,1024999
164,1605373286180,Лука Ларионов,+7 587 716 69 36,"941077, Агинский Бурятский авт. округ
Курск, 2046 Reyna ул.",909999
165,1613694127816,Антонида Сафонова,+7 387 924 56 39,self-pickup,284999
166,1618258544416,София Щербакова,+9 878 219 29 87,self-pickup,1329999
167,1622393915147,Андрей Зыков,+8 510 304 62 86,self-pickup,1419999
168,1613703185398,Александр Комиссаров,+7 938 402 22 98,self-pickup,799999
169,1611221659260,Алина Романова,+9 552 413 74 29,self-pickup,209999
170,1617141046777,Оксана Блинова,+7 771 208 04 28,"373272, Ярославская область
Липецк, 979 Тихонова пр.",954999
171,1609279269356,Римма Зиновьева,+7 407 688 13 86,self-pickup,734999
172,1630214191992,Лидия Ковалева,+7 982 910 67 20,"387806, Агинский Бурятский авт. округ
Иваново, 984 Никонов площадь",524999
173,1608139824895,Юрий Селиверстов,+7 626 475 86 35,self-pickup,1349999
174,1608581211090,Анфиса Харитонова,+4 362 822 90 10,"153105, Ханты-Мансийский автономный округ
Волгоград, 6980 Guido проспект",1019999
175,1606135441167,Анастасия Турова,+7 538 373 27 48,self-pickup,259999
176,1607674767547,Семён Ларионов,+7 331 958 03 95,self-pickup,1169999
177,1626169831745,Юлия Турова,+7 393 994 10 16,self-pickup,224999
178,1606396202200,Егор Блохин,+7 909 859 59 87,self-pickup,689999
179,1619301914114,Юлия Наумова,+4 449 703 60 14,"504868, Псковская область
Саратов, 51838 Ari проспект",619999
180,1625823499045,Анатолий Горбунов,+7 476 942 72 90,self-pickup,1279999
181,1610842399245,Екатерина Белова,+7 511 961 59 58,self-pickup,184999
182,1606302099241,Никита Савельев,+7 584 941 23 37,self-pickup,1049999
183,1631542491055,Лариса Большакова,+7 280 487 17 51,"995212, Брянская область
Владимир, 2688 Candice площадь",1449999
184,1620140640341,Станислав Копылов,+6 426 810 05 26,"112138, Тверская область
Киров, 880 Baby проспект",444999
185,1622634961051,Леонид Некрасов,+7 793 240 57 22,self-pickup,724999
186,1604505744090,Константин Овчинников,+7 438 491 64 04,"325611, Белгородская область
Пенза, 8993 Рябова ул.",734999
187,1608607800517,Зоя Шилова,+7 919 751 13 21,self-pickup,574999
188,1612864981983,Лука Тихонов,+7 268 330 79 75,self-pickup,434999
189,1618708363071,Оксана Лапина,+7 735 488 97 66,self-pickup,424999
190,1627264318259,Юрий Новиков,+6 212 252 15 86,"400187, Архангельская область
Краснодар, 23341 Ashly площадь",109999
191,1608012378541,Ксения Ершова,+7 302 832 37 58,self-pickup,234999
192,1626634277408,Евгений Дорофеев,+8 607 407 68 49,self-pickup,864999
193,1621451577495,Алевтина Турова,+2 304 676 11 44,self-pickup,874999
194,1611756328288,Светлана Суворова,+7 604 227 46 41,self-pickup,979999
195,1621698075483,Иван Логинов,+9 395 240 06 40,self-pickup,1159999
196,1634091393705,Вадим Кошелев,+2 586 265 90 30,"876098, Томская область
Омск, 126 Bette площадь",1229999
197,1617199501970,Анжелика Рябова,+3 471 808 04 37,self-pickup,534999
198,1613300811199,Борис Фомин,+2 956 581 11 76,"305373, Камчатская область
Воронеж, 2761 America пр.",584999
199,1629688697110,Вера Моисеева,+7 690 967 59 51,self-pickup,799999
200,1623307146104,Вера Трофимова,+7 360 381 78 56,"652341, Приморский край
Краснодар, 278 Носков площадь",524999
201,1605157661356,Ярослав Агафонов,+7 367 865 84 20,self-pickup,1229999
202,1616645063942,Николай Туров,+8 344 826 86 83,"112411, Омская область
Воронеж, 919 Евсеев проспект",289999
203,1625972044421,Денис Горшков,+7 850 210 86 92,self-pickup,764999
204,1606466948222,Егор Коновалов,+9 354 436 15 25,self-pickup,339999
205,1626831769150,Римма Голубева,+2 574 457 71 02,"835766, Республика Ингушетия
Ярославль, 6219 Maxime пл.",1499999
206,1603999931508,Татьяна Ершова,+7 816 252 40 74,self-pickup,799999
207,1615855966381,Анфиса Агафонова,+5 719 659 21 24,"907204, Астраханская область
Екатеринбург, 28895 Payton пр.",1124999
208,1630585806984,Валерия Дмитриева,+2 406 860 18 62,self-pickup,619999
209,1623066384181,Владислав Григорьев,+7 357 921 94 90,self-pickup,469999
210,1608288680347,Андрей Сидоров,+3 367 904 88 41,"237487, Ханты-Мансийский автономный округ
Волгоград, 56730 Дементьев пр.",894999
211,1622769400278,Оксана Вишнякова,+6 270 765 65 01,"087246, Чеченская Республика
Киров, 48246 Устинова пл.",434999
212,1623363831655,Ангелина Кондратьева,+7 544 253 39 28,self-pickup,404999
213,1611237890144,Герман Максимов,+4 503 986 39 41,"968032, Приморский край
Астрахань, 56887 Boris проспект",254999
214,1620593113107,Алексей Архипов,+7 714 499 19 47,self-pickup,769999
215,1622368995496,Анфиса Щукина,+5 642 821 91 46,self-pickup,1109999
216,1624896744790,Анатолий Носков,+7 481 813 09 38,self-pickup,314999
217,1620400445535,Алексей Елисеев,+8 426 779 30 50,"174751, Таймырский (Долгано-Ненецкий) автономный округ
Казань, 5225 Nathanial улица",384999
218,1622405181860,Варвара Калашникова,+8 488 670 25 11,self-pickup,1209999
219,1614254853862,Раиса Зиновьева,+7 278 573 45 02,self-pickup,1189999
220,1605718200931,Анфиса Лыткина,+7 467 804 59 99,"851433, Омская область
Волгоград, 408 Giles улица",1089999
221,1604449127126,Лаврентий Зайцев,+7 427 912 56 39,self-pickup,1259999
222,1630037615378,Клавдия Уварова,+4 717 734 66 14,"923377, Иркутская область
Ставрополь, 266 Isidro пр.",534999
223,1626848079106,Людмила Брагина,+7 989 713 56 27,"827235, Воронежская область
Кемерово, 1478 Федоров ул.",374999
224,1606450880489,Денис Нестеров,+7 207 532 82 07,self-pickup,359999
225,1619163502482,Анастасия Баранова,+7 334 839 10 71,"924710, Таймырский (Долгано-Ненецкий) автономный округ
Самара, 0887 Madge улица",704999
226,1603276181610,Оксана Рожкова,+7 211 358 67 78,"377616, Пензенская область
Пенза, 94130 Ethyl площадь",1054999
227,1619314710111,Лидия Хохлова,+7 822 662 97 45,self-pickup,964999
228,1621330756513,Александр Вишняков,+7 790 901 58 74,self-pickup,624999
229,1618190605890,Вячеслав Терентьев,+3 467 444 63 80,"234031, Белгородская область
Тюмень, 5617 Brian площадь",704999
230,1606065973930,Светлана Дмитриева,+5 509 735 91 54,self-pickup,884999
231,1624420922709,Артём Большаков,+2 630 695 60 35,self-pickup,374999
232,1621030823432,Евгений Дмитриев,+7 886 577 13 44,self-pickup,1029999
233,1614151418724,Маргарита Горшкова,+7 267 553 18 05,"710851, Республика Карачаево-Черкессия
Ижевск, 03959 Gretchen площадь",574999
234,1608077836534,Алексей Денисов,+7 970 844 44 87,"298904, Вологодская область
Рязань, 0930 Щербакова ул.",494999
235,1609481889449,Владимир Сорокин,+7 659 871 78 46,self-pickup,1084999
236,1623068235552,Анатолий Антонов,+7 351 686 77 10,self-pickup,394999
237,1628986416726,Геннадий Голубев,+7 902 978 78 48,"503411, Читинская область
Нижний Новгород, 672 Nico пл.",384999
238,1610588381814,Виктория Носкова,+3 317 445 31 80,self-pickup,134999
239,1612983392517,Анна Громова,+7 543 981 58 86,"566791, Волгоградская область
Красноярск, 273 Шашков ул.",1299999
240,1603727066778,Валерия Игнатова,+8 541 381 62 68,"645827, Республика Карелия
Астрахань, 291 Анисимов пр.",1384999
241,1619827264576,Анна Зуева,+7 860 520 18 82,"364552, Саратовская область
Иркутск, 60085 Чернов ул.",119999
242,1630350342737,Лука Власов,+3 415 516 79 03,"036037, Вологодская область
Ставрополь, 31259 Зыков площадь",1154999
243,1603962021070,Валерия Осипова,+9 923 472 70 45,self-pickup,344999
244,1619213937939,Надежда Красильникова,+7 570 537 54 32,"599165, Белгородская область
Челябинск, 955 Travis ул.",1214999
245,1612962625988,Дарья Суханова,+7 457 934 96 26,self-pickup,1069999
246,1606401587282,Вероника Прохорова,+7 859 414 33 90,"015397, Удмуртская Республика
Ижевск, 94180 Kennedy проспект",104999
247,1633089172486,Вероника Савина,+5 816 257 80 48,"575352, Брянская область
Москва, 1647 Frankie пр.",229999
248,1616101740812,Юлия Русакова,+4 741 942 58 22,self-pickup,469999
249,1611385701831,Герман Евсеев,+4 272 948 45 13,"800873, Курская область
Санкт-Петербург, 40963 Lazaro площадь",734999
250,1620733251655,Дарья Ширяева,+3 305 640 06 58,"801822, Псковская область
Москва, 0163 Мясников пл.",1214999
251,1612397970225,Алексей Петухов,+7 738 970 38 57,"790202, Республика Ингушетия
Новокузнецк, 715 Krystel проспект",864999
252,1605257396408,Нина Жданова,+7 400 987 16 95,"786319, Республика Северная Осетия-Алания
Пермь, 04391 Романов проспект",684999
253,1618016702580,Клавдия Филатова,+7 566 234 15 65,self-pickup,1339999
254,1625235248403,Константин Бирюков,+7 322 337 38 01,self-pickup,894999
255,1628888738725,Борис Тимофеев,+7 867 683 28 63,"296075, Кировская область
Рязань, 88018 Орехов пл.",479999
256,1613150520052,Варвара Силина,+7 698 462 04 44,"910250, Чукотский автономный округ
Ярославль, 35458 Bulah пл.",994999
257,1625177584245,Станислав Емельянов,+7 228 434 46 71,self-pickup,1094999
258,1603192454185,Анна Воробьева,+3 860 234 05 43,self-pickup,689999
259,1620920011068,Кира Кудряшова,+9 771 787 88 24,"027429, Вологодская область
Нижний Новгород, 57440 Третьякова пл.",594999
260,1608046926937,Аркадий Орлов,+7 781 369 00 95,self-pickup,1369999
261,1621365076012,Альберт Горбачев,+8 650 996 49 87,self-pickup,384999
262,1628325872422,Евгений Дмитриев,+7 992 693 37 45,"204277, Ямало-Ненецкий автономный округ
Брянск, 6404 Иванов пр.",809999
263,1609403209173,Валерий Гуляев,+7 352 823 96 49,"514929, Томская область
Ярославль, 8611 Юдина пр.",789999
264,1628683181297,Василий Савин,+5 223 612 56 20,"247970, Приморский край
Тюмень, 5830 Комаров улица",399999
265,1609299157049,Николай Калашников,+3 598 236 29 88,self-pickup,454999
266,1620009543508,Алексей Логинов,+8 712 373 43 46,"770097, Иркутская область
Казань, 59740 Щукина площадь",1299999
267,1627446561411,Ярослав Поляков,+8 253 639 65 91,"893124, Новгородская область
Липецк, 89468 Евдокимова пр.",714999
268,1612871937152,Макар Моисеев,+7 675 680 03 61,"785847, Ханты-Мансийский автономный округ
Ярославль, 7311 Фомичев ул.",594999
269,1603283297038,Евгения Назарова,+5 797 662 40 24,"133783, Архангельская область
Ростов-на-Дону, 07437 Celine проспект",734999
270,1605227304579,Ксения Трофимова,+2 528 347 57 08,"600328, Новгородская область
Владимир, 8839 Maxime пр.",1439999
271,1619750838697,Егор Власов,+6 471 309 50 07,self-pickup,1094999
272,1615401175066,Татьяна Максимова,+7 689 265 46 80,self-pickup,409999
273,1632934398926,Григорий Зайцев,+4 347 586 40 19,self-pickup,359999
274,1624164944884,Любовь Титова,+7 340 397 90 59,self-pickup,699999
275,1611619049185,Антонина Капустина,+6 975 777 45 80,self-pickup,119999
276,1612537413625,Александр Потапов,+7 566 877 85 60,"607248, Республика Башкортостан
Томск, 353 Меркушев проспект",989999
277,1617523020598,Жанна Маркова,+4 915 595 65 87,"436225, Ханты-Мансийский автономный округ
Магнитогорск, 16350 Stefan ул.",129999
278,1609738498403,Фёдор Беляев,+6 481 767 86 11,"523324, Усть-Ордынский Бурятский автономный округ
Кемерово, 61994 Kavon площадь",394999
279,1611700515678,Лаврентий Харитонов,+7 876 792 30 58,"464835, Краснодарский край
Воронеж, 192 Nat пр.",1309999
280,1612778253204,Лука Степанов,+7 625 640 60 86,self-pickup,944999
281,1604702859857,Арина Семенова,+7 304 945 46 11,"026805, Волгоградская область
Нижний Новгород, 29723 Романова пр.",244999
282,1610797888350,Алла Романова,+7 928 654 45 47,"273034, Московская область
Рязань, 44389 Gerry улица",1059999
283,1614476330512,София Филатова,+7 490 690 78 24,self-pickup,1439999
284,1608218155710,Раиса Наумова,+7 839 228 95 69,self-pickup,769999
285,1623276250905,Раиса Капустина,+7 699 934 25 54,"171813, Тульская область
Брянск, 50069 Титова ул.",1064999
286,1606926264249,Анжелика Колобова,+7 700 947 86 27,"509294, Новгородская область
Ульяновск, 95042 Герасимов ул.",1359999
287,1617125612442,Семён Трофимов,+4 961 268 32 53,self-pickup,359999
288,1620197925249,Юрий Владимиров,+7 696 349 89 61,"506666, Республика Марий Эл
Москва, 419 Vena ул.",599999
289,1632331230344,Леонид Кондратьев,+7 394 970 81 00,"935172, Тамбовская область
Воронеж, 37708 Timmothy проспект",409999
290,1618901895705,Фёдор Котов,+7 799 358 71 07,self-pickup,249999
291,1620726272506,Леонид Кулагин,+7 477 858 88 92,self-pickup,439999
292,1618264475887,Кира Моисеева,+7 798 207 96 30,"612367, Пермская область
Ижевск, 9623 Комиссарова улица",914999
293,1625135751889,Никита Якушев,+6 975 347 44 67,"448484, Республика Башкортостан
Москва, 40009 Lamar площадь",944999
294,1603274814252,Римма Морозова,+7 985 403 50 84,"183803, Республика Ингушетия
Екатеринбург, 4803 Giovanni пл.",674999
295,1632219751100,Константин Куликов,+7 905 569 56 43,self-pickup,1204999
296,1629065128949,Вера Фадеева,+2 750 247 33 02,"669157, Мурманская область
Омск, 059 Hector ул.",789999
297,1608464253741,Марина Орехова,+4 787 344 88 49,"185833, Таймырский (Долгано-Ненецкий) автономный округ
Самара, 57221 Бобылева улица",394999
298,1623663716621,Виталий Блохин,+7 233 215 24 32,"350278, Республика Карачаево-Черкессия
Нижний Новгород, 98458 Idell площадь",1399999
299,1618002757313,Елена Дьячкова,+5 897 309 76 50,"858514, Камчатская область
Тюмень, 83961 Mckenzie пр.",1094999
300,1618410915472,Борис Белоусов,+7 651 213 70 27,self-pickup,369999
301,1623341499518,Степан Кудрявцев,+6 657 517 59 44,"427613, Республика Марий Эл
Оренбург, 5174 Emelie пр.",524999
302,1624400035549,Анатолий Фролов,+7 875 655 06 91,self-pickup,334999
303,1632551042497,Роман Копылов,+7 416 459 75 66,self-pickup,1144999
304,1605326911063,Денис Громов,+2 853 927 63 85,"622494, Республика Коми
Ярославль, 527 Violette ул.",1234999
305,1619524560197,Артём Евдокимов,+9 202 420 08 54,self-pickup,1439999
306,1629639016202,Надежда Пахомова,+5 516 463 63 06,"345421, Эвенкийский автономный округ
Махачкала, 7646 Martina улица",164999
307,1631802193101,Сергей Морозов,+7 754 443 24 38,self-pickup,824999
308,1612762383345,Алина Карпова,+7 668 788 94 65,"235053, Владимирская область
Иваново, 90561 Ларионов пр.",1284999
309,1627970511091,Тамара Коновалова,+7 333 980 99 64,"427141, Республика Татарстан
Курск, 326 Edison проспект",359999
310,1608978374783,Валерий Поляков,+5 330 869 82 10,self-pickup,1209999
311,1629061421498,Валентин Князев,+6 850 226 57 66,self-pickup,1499999
312,1619420641435,Екатерина Фомина,+8 809 523 51 91,"356908, Приморский край
Владивосток, 90460 Christa улица",784999
313,1607536274918,Евгения Коновалова,+7 974 775 90 21,self-pickup,104999
314,1610887367479,Макар Фомичев,+7 691 278 41 91,self-pickup,1394999
315,1607332446242,Геннадий Рыбаков,+7 377 439 55 92,self-pickup,429999
316,1632638704948,Леонид Лаврентьев,+5 691 746 32 96,"743682, Республика Северная Осетия-Алания
Кемерово, 62381 Bonita проспект",139999
317,1627704540323,Денис Артемьев,+5 610 942 29 90,self-pickup,399999
318,1620066809296,Тамара Новикова,+7 921 392 68 00,self-pickup,774999
319,1618473862688,Герман Кабанов,+7 671 413 08 23,"431908, Приморский край
Курск, 3683 Sarah пр.",399999
320,1605686257510,Елизавета Мамонтова,+2 751 328 55 27,"168987, Орловская область
Магнитогорск, 15681 Филиппова площадь",144999
321,1607135944157,Анжелика Титова,+7 965 800 06 85,self-pickup,584999
322,1631194883813,Валентина Орехова,+7 708 960 74 12,"777948, Республика Башкортостан
Ижевск, 086 Lawson улица",814999
323,1619208773940,Роман Сафонов,+7 804 904 19 54,"502814, Республика Северная Осетия-Алания
Самара, 184 Maymie пл.",959999
324,1612856087177,Владислав Моисеев,+7 499 296 53 33,"823943, Вологодская область
Иркутск, 661 Ершов пл.",1459999
325,1619831340879,Алевтина Кошелева,+6 274 632 05 71,"660266, Тульская область
Астрахань, 6305 Clovis ул.",1084999
326,1629078626739,Леонид Дорофеев,+7 298 864 08 24,"096368, Тюменская область
Брянск, 0655 Sydnee проспект",424999
327,1616361503992,Артём Молчанов,+6 256 730 02 39,self-pickup,789999
328,1627919024871,Семён Шашков,+7 212 720 36 67,"627751, Тюменская область
Волгоград, 75296 Emil проспект",814999
329,1634459787404,Юлия Степанова,+7 536 886 57 17,"504835, Саратовская область
Сочи, 4422 Фролова пр.",289999
330,1623988993318,Алина Семенова,+7 961 845 56 18,"427884, Иркутская область
Москва, 5399 Кулаков улица",349999
331,1629187405070,Надежда Кузнецова,+7 950 905 06 34,"561569, Алтайский край
Самара, 012 Воробьев улица",174999
332,1621234977332,Лидия Воронова,+8 584 410 61 89,"029243, Чувашская Республика
Нижний Новгород, 97128 Toby пр.",574999
333,1629526147448,Леонид Королев,+7 697 240 39 53,"986643, Курская область
Нижний Новгород, 0893 Селезнев проспект",924999
334,1612421388750,Леонид Белозеров,+6 844 892 38 22,"287694, Республика Тыва
Омск, 54995 Белоусова пр.",444999
335,1605595174035,Надежда Медведева,+3 269 613 64 18,"741192, Ненецкий автономный округ
Казань, 322 Hershel ул.",324999
336,1611603570141,Владимир Игнатьев,+7 922 691 88 21,"363936, Тверская область
Ульяновск, 8851 Филатова ул.",1449999
337,1617683239772,Алина Алексеева,+7 803 831 01 33,"550314, Чеченская Республика
Сочи, 462 Юдина пл.",814999
338,1606991184305,Максим Кулаков,+7 763 683 88 76,"872670, Челябинская область
Тула, 9199 Raphaelle площадь",1069999
339,1609229324843,Кира Крюкова,+7 885 453 01 27,"316324, Калиниградская область
Ростов-на-Дону, 547 Михайлов площадь",1274999
340,1612675378956,Римма Щербакова,+7 224 213 33 47,"751708, Республика Коми
Барнаул, 5602 Jaleel ул.",1429999
341,1620296902374,Лидия Филиппова,+4 922 767 00 42,self-pickup,1334999
342,1629304683405,Евгений Маслов,+7 953 572 45 27,self-pickup,1434999
343,1609536172430,Никита Трофимов,+9 335 619 93 84,"366465, Приморский край
Иркутск, 10783 Никонова пл.",494999
344,1603917844921,Лаврентий Зимин,+6 216 210 53 97,self-pickup,1164999
345,1623166829455,Арина Ширяева,+7 828 294 78 15,"071994, Республика Мордовия
Тула, 471 Emiliano проспект",724999
346,1618995892586,Игорь Сидоров,+7 396 630 44 55,self-pickup,1064999
347,1608238715253,Ирина Горбунова,+7 517 688 65 72,self-pickup,1404999
348,1622060281250,Арина Сидорова,+7 896 482 51 64,"431268, Еврейская автономная область
Москва, 0566 Селиверстов улица",1269999
349,1632031940492,Марина Рожкова,+7 555 367 02 98,self-pickup,774999
350,1607609813025,Зоя Щербакова,+7 431 854 96 37,self-pickup,1389999
351,1612590197926,Виктория Доронина,+7 419 316 99 50,self-pickup,1219999
352,1616811412858,Анжела Волкова,+7 242 759 13 17,self-pickup,1114999
353,1623188940244,Елена Антонова,+7 340 584 37 19,"956382, Камчатская область
Тверь, 1007 Rupert ул.",524999
354,1623429046045,Александр Агафонов,+2 546 395 39 00,"841458, Архангельская область
Ростов-на-Дону, 23165 Waino площадь",714999
355,1634085309964,Дмитрий Гуляев,+7 990 391 16 17,"397611, Республика Карачаево-Черкессия
Омск, 67913 Козлова улица",514999
356,1609315521362,Антонида Лаврентьева,+7 779 651 82 43,"651167, Чувашская Республика
Тольятти, 627 Elsie пр.",734999
357,1620745383049,Таисия Воробьева,+9 687 751 13 44,"692838, Воронежская область
Казань, 3156 Морозова улица",984999
358,1626588611706,Станислав Петухов,+3 484 481 80 78,"946361, Республика Карелия
Тверь, 908 Bette ул.",1259999
359,1633476283923,Арина Михайлова,+6 717 548 67 38,self-pickup,674999
360,1622160681441,Лариса Чернова,+7 611 752 59 50,"863646, Амурская область
Сочи, 989 Рожкова проспект",1164999
361,1615637524831,Раиса Денисова,+9 375 857 78 53,self-pickup,439999
362,1607865594231,Виктория Петухова,+7 403 296 87 13,"725487, Республика Саха (Якутия)
Нижний Новгород, 3663 Owen пр.",259999
363,1615772416631,София Федосеева,+7 921 374 62 47,self-pickup,539999
364,1619490255714,Василиса Сысоева,+7 882 365 57 19,"797934, Омская область
Нижний Новгород, 5044 Charlotte проспект",114999
365,1613296491277,Станислав Матвеев,+8 696 335 40 66,self-pickup,239999
366,1608049637754,Макар Меркушев,+3 483 319 42 47,"449324, Республика Калмыкия
Уфа, 14989 Ellie ул.",1384999
367,1630733979821,Валерия Евдокимова,+7 517 797 47 55,"962126, Ненецкий автономный округ
Саратов, 3434 Dax пр.",624999
368,1606442098200,Григорий Дементьев,+2 937 741 56 43,"731668, Ульяновская область
Чебоксары, 900 Dwight улица",1289999
369,1618508613760,Антонина Зайцева,+7 755 615 88 39,"142659, Красноярский край
Челябинск, 494 Андреев проспект",999999
370,1616254147949,Антон Тарасов,+7 935 715 86 36,self-pickup,1189999
371,1622361961718,Зоя Некрасова,+7 683 550 34 60,"340488, Ростовская область
Новосибирск, 48754 Савельев пр.",1239999
372,1606191610765,Виталий Субботин,+7 610 921 93 70,self-pickup,224999
373,1624777350699,Роман Мамонтов,+7 870 434 89 20,"385411, Владимирская область
Новосибирск, 2252 Галкин пл.",114999
374,1617561559829,Анастасия Орехова,+7 881 858 41 71,self-pickup,994999
375,1604193394725,Людмила Ковалева,+7 995 669 83 65,"838278, Томская область
Тверь, 059 Maude площадь",1124999
376,1621080856393,Екатерина Комиссарова,+7 473 217 33 59,self-pickup,1104999
377,1633488573233,Ярослав Потапов,+7 523 855 60 12,self-pickup,799999
378,1606606284127,Владимир Андреев,+7 834 845 96 33,self-pickup,1289999
379,1618791677016,Вера Зиновьева,+7 472 973 94 68,"439514, Белгородская область
Санкт-Петербург, 3553 Gay пр.",324999
380,1614291472070,Антонида Алексеева,+4 917 864 30 54,self-pickup,404999
381,1632199834647,Галина Королева,+9 274 816 33 55,self-pickup,224999
382,1609934314753,Ангелина Кабанова,+7 222 965 20 58,"444689, Кабардино-Балкарская Республика
Сочи, 094 Florencio пр.",904999
383,1630722587543,Матвей Лукин,+3 308 232 19 33,"489127, Вологодская область
Иркутск, 015 Earnestine проспект",299999
384,1628304415619,Геннадий Кудрявцев,+7 806 792 30 04,"369342, Мурманская область
Оренбург, 357 Лыткин улица",1409999
385,1605246065147,Валерий Лукин,+5 904 809 81 92,self-pickup,209999
386,1611858604463,Эдуард Волков,+4 550 472 06 25,"612096, Республика Бурятия
Москва, 848 Allie ул.",1174999
387,1606176203920,Татьяна Ситникова,+7 925 410 10 16,self-pickup,514999
388,1617230743099,Анфиса Данилова,+6 241 664 35 20,"744188, Республика Коми
Челябинск, 72014 Хохлова пр.",989999
389,1631511355446,Илья Владимиров,+7 765 561 24 30,self-pickup,1084999
390,1610211575862,Олег Савельев,+7 375 335 82 32,self-pickup,1079999
391,1633287557846,Виктория Ильина,+7 472 958 28 08,self-pickup,539999
392,1604643482969,Арсений Калинин,+3 515 481 86 25,"690814, Ивановская область
Тюмень, 83488 Jevon улица",369999
393,1630687577324,Григорий Гусев,+7 831 910 12 56,"703227, Кабардино-Балкарская Республика
Барнаул, 4184 Burdette проспект",974999
394,1617037800630,Анжела Евсеева,+7 842 478 92 08,self-pickup,1089999
395,1626631126258,Валерия Лыткина,+7 320 812 62 22,"334998, Республика Марий Эл
Краснодар, 4022 Большакова улица",134999
396,1613814120581,Валерий Селезнев,+4 665 576 37 12,"711358, Ленинградская область
Тула, 522 Laron ул.",1054999
397,1621147330646,Владислав Лаврентьев,+4 566 911 11 17,"297480, Владимирская область
Киров, 092 Dawn проспект",1034999
398,1619034831971,Лариса Лаврентьева,+7 709 929 32 85,"581805, Тверская область
Владимир, 886 Mitchell ул.",1024999
399,1622959253120,Егор Зуев,+7 435 950 56 16,self-pickup,1319999
400,1613751472647,Владислав Козлов,+7 780 277 05 76,"733073, Пензенская область
Махачкала, 55113 Elisha пр.",759999
401,1603318746702,Алёна Брагина,+7 211 370 69 18,"801364, Ямало-Ненецкий автономный округ
Курск, 3479 Носова улица",1259999
402,1619989177382,Николай Кулагин,+3 662 714 90 06,self-pickup,1444999
403,1633559585745,Матвей Юдин,+7 211 821 45 36,self-pickup,1154999
404,1631321862234,Анфиса Щербакова,+5 860 509 20 54,self-pickup,734999
405,1606999231179,Клавдия Карпова,+9 335 567 55 46,"475833, Республика Тыва
Саратов, 263 Фомичева улица",1114999
406,1616232389206,Станислав Кузьмин,+7 871 221 65 00,"355987, Мурманская область
Воронеж, 9786 Nadia проспект",869999
407,1619095401120,Людмила Павлова,+2 947 983 64 18,self-pickup,1234999
408,1625083645444,Георгий Петухов,+7 529 512 52 57,self-pickup,1079999
409,1610134208140,Геннадий Исаев,+4 904 544 30 56,"325616, Республика Алтай Республика Дагестан
Киров, 2167 River проспект",279999
410,1607387446245,Римма Хохлова,+7 242 265 02 85,"619102, Чукотский автономный округ
Астрахань, 66318 Шарапов пл.",994999
411,1628450689527,Леонид Кондратьев,+7 881 259 97 63,self-pickup,769999
412,1619399051711,Валентин Соловьев,+7 764 748 79 43,self-pickup,1179999
413,1626799562124,Сергей Дроздов,+8 390 339 49 05,self-pickup,239999
414,1619447935600,Василий Матвеев,+7 206 266 70 28,self-pickup,1399999
415,1629886217298,Юлия Исаева,+7 408 930 07 23,"617077, Московская область
Омск, 94930 Davin площадь",1204999
416,1634289772699,Игнатий Шаров,+9 838 990 27 57,"583725, Коми-Пермяцкий автономный округ
Хабаровск, 9191 Юдин проспект",1019999
417,1605367839052,Григорий Бобров,+7 623 334 29 80,self-pickup,1054999
418,1626287515000,Жанна Афанасьева,+7 463 221 83 91,self-pickup,1094999
419,1628768295480,Ксения Фадеева,+6 586 853 54 27,self-pickup,254999
420,1605995340088,Елена Хохлова,+7 608 462 20 68,self-pickup,209999
421,1613040846495,Евгений Кузнецов,+7 567 992 91 30,self-pickup,1024999
422,1629733049502,Таисия Сидорова,+6 880 578 79 77,"566972, Республика Карелия
Челябинск, 13189 Дьячкова ул.",1134999
423,1624815636238,Степан Михайлов,+7 406 329 08 77,self-pickup,539999
424,1611450581070,Лидия Русакова,+7 496 212 40 83,"671472, Тверская область
Кемерово, 6253 Большакова улица",1339999
425,1627103492150,Лаврентий Красильников,+7 871 258 81 70,self-pickup,919999
426,1605434948443,Виктория Блохина,+7 641 357 43 72,self-pickup,884999
427,1626527739552,Станислав Логинов,+7 244 938 86 18,"300244, Мурманская область
Казань, 82864 Шарапов улица",1419999
428,1610243064537,Оксана Лихачева,+6 652 736 72 87,"902879, Свердловская область
Астрахань, 520 Bria площадь",1429999
429,1627130869293,Светлана Полякова,+7 257 831 41 72,"644405, Курская область
Ростов-на-Дону, 69431 Захаров ул.",1344999
430,1632909638653,Евгения Елисеева,+7 925 300 78 05,"256510, Томская область
Ставрополь, 17920 Лебедева улица",819999
431,1624601901738,Оксана Алексеева,+3 919 282 60 40,self-pickup,774999
432,1613552594954,Ярослав Бобылев,+7 643 353 44 27,self-pickup,659999
433,1615818078338,Алексей Симонов,+7 343 960 48 70,self-pickup,514999
434,1623241901185,Фёдор Петухов,+7 464 404 28 95,"405527, Костромская область
Ярославль, 6495 Казакова пр.",1204999
435,1620189814444,Эдуард Рыбаков,+7 751 938 56 28,"109215, Пензенская область
Владивосток, 49894 Ларионова площадь",1079999
436,1606195439536,Дмитрий Селиверстов,+2 708 519 78 10,self-pickup,734999
437,1612498456427,Вера Белозерова,+8 988 476 55 72,self-pickup,954999
438,1627689032907,Надежда Сорокина,+7 444 836 85 73,self-pickup,359999
439,1614666901904,София Боброва,+7 250 579 72 51,self-pickup,849999
440,1627821077355,Виктория Шубина,+7 520 352 25 36,"169158, Еврейская автономная область
Пенза, 9192 Mckayla пр.",1329999
441,1603214532909,Ирина Самсонова,+2 682 532 06 39,"996870, Республика Адыгея
Чебоксары, 210 Ewald ул.",1264999
442,1610379022298,Мария Крюкова,+7 973 258 78 63,self-pickup,404999
443,1607276548766,Егор Осипов,+7 370 930 44 78,"783626, Кировская область
Киров, 95940 Лобанова улица",729999
444,1616133176342,Вадим Зайцев,+7 496 223 17 78,self-pickup,209999
445,1603416334080,Валерий Филатов,+7 319 802 18 41,self-pickup,1059999
446,1605544832944,Роман Дьячков,+8 896 368 74 78,"285116, Республика Калмыкия
Махачкала, 39390 Казакова улица",1469999
447,1615328869237,Владислав Назаров,+7 645 645 28 99,self-pickup,669999
448,1631790401594,Константин Киселев,+7 939 483 80 81,"319002, Белгородская область
Самара, 511 Wilford пр.",974999
449,1628793052097,Мария Голубева,+7 238 949 87 53,self-pickup,1224999
450,1628686250856,Дарья Лукина,+5 779 319 88 79,self-pickup,969999
451,1629266156539,Ангелина Нестерова,+2 284 516 18 53,self-pickup,314999
452,1608692286031,Игорь Савельев,+7 787 797 19 59,"293548, Республика Мордовия
Пенза, 2681 Кабанова проспект",1304999
453,1605442420329,Олег Калинин,+7 583 498 17 75,"327394, Республика Тыва
Самара, 042 Neha площадь",964999
454,1615256048784,Лариса Кудряшова,+9 638 603 37 13,"255909, Рязанская область
Ульяновск, 044 Elizabeth площадь",1484999
455,1631574284321,Александра Колесникова,+7 707 244 31 30,self-pickup,1239999
456,1633383186248,Василий Борисов,+7 769 504 37 86,self-pickup,924999
457,1625904219822,Ксения Калинина,+3 335 395 64 64,"438222, Корякский автономный округ
Пермь, 2694 Шубин площадь",334999
458,1623684101029,Максим Давыдов,+7 413 379 38 91,"955616, Чеченская Республика
Курск, 236 Maximillian ул.",1149999
459,1619412152115,Дарья Николаева,+7 275 628 32 22,self-pickup,1424999
460,1622361304325,Оксана Иванова,+7 698 834 82 89,"173569, Республика Татарстан
Ростов-на-Дону, 5862 Наумов пл.",104999
461,1619308344967,Аркадий Сысоев,+9 523 791 87 50,self-pickup,604999
462,1628188247330,Альберт Богданов,+7 867 724 20 60,"557067, Курская область
Киров, 623 Gennaro проспект",1299999
463,1604548914787,Зинаида Казакова,+7 428 394 95 19,self-pickup,244999
464,1630837695128,Светлана Крюкова,+9 345 934 39 40,"448490, Республика Ингушетия
Брянск, 18224 Deja ул.",1134999
465,1606320089348,Алевтина Козлова,+3 208 591 41 56,"231621, Ульяновская область
Казань, 65310 Payton проспект",569999
466,1623980610391,Николай Зайцев,+9 668 923 32 45,"010878, Нижегородская область
Ростов-на-Дону, 941 Филиппова улица",909999
467,1606100468086,Николай Русаков,+7 522 612 46 39,"030951, Эвенкийский автономный округ
Кемерово, 8987 Conor проспект",169999
468,1620837086521,Альберт Трофимов,+7 850 741 15 46,self-pickup,1189999
469,1603651168219,Макар Якушев,+3 204 656 65 61,"083646, Еврейская автономная область
Кемерово, 2630 Волков пл.",499999
470,1609290790224,Герман Козлов,+7 630 636 26 79,"893527, Костромская область
Магнитогорск, 638 Sonia пл.",1074999
471,1607813573247,Сергей Зимин,+7 541 428 41 68,"684652, Оренбургская область
Астрахань, 80883 Sarah улица",1299999
472,1612823103398,Лариса Кириллова,+7 872 798 65 41,self-pickup,1359999
473,1609499168401,Вадим Овчинников,+6 813 254 94 73,"530537, Рязанская область
Иваново, 4591 Wilfredo улица",144999
474,1628724456655,Иван Юдин,+7 585 525 40 93,self-pickup,819999
475,1613839562162,Галина Наумова,+7 352 425 28 49,self-pickup,539999
476,1631293539100,Виталий Ковалев,+7 210 920 51 52,"021657, Ленинградская область
Киров, 309 Горбунова площадь",1349999
477,1622519521576,Лука Муравьев,+4 612 753 11 35,self-pickup,329999
478,1608483761098,Анфиса Рябова,+4 677 850 95 00,self-pickup,99999
479,1618410482306,Сергей Русаков,+7 992 528 75 40,self-pickup,114999
480,1624544556533,Валерий Маслов,+7 491 958 40 60,"113663, Курская область
Владимир, 3851 Князев площадь",1284999
481,1614064035856,Александр Ларионов,+7 808 755 64 12,self-pickup,649999
482,1613113537095,Лука Михайлов,+7 903 290 14 13,"559217, Ивановская область
Владивосток, 071 Mina площадь",229999
483,1632524543406,Светлана Веселова,+7 248 782 53 39,self-pickup,439999
484,1610831658215,Виталий Борисов,+7 876 823 81 17,self-pickup,954999
485,1605993535165,Игнатий Зиновьев,+4 473 568 81 49,"988776, Вологодская область
Пенза, 494 Natalie пл.",1489999
486,1629366900354,София Дмитриева,+7 932 462 98 92,self-pickup,1149999
487,1621410444282,Любовь Юдина,+7 430 226 72 35,"682953, Иркутская область
Ростов-на-Дону, 092 Tess площадь",1469999
488,1622089714122,Леонид Макаров,+5 250 784 87 29,self-pickup,984999
489,1619710345511,Зинаида Лапина,+7 223 638 59 65,self-pickup,1104999
490,1607361113800,Кира Борисова,+4 836 816 10 90,self-pickup,1094999
491,1605886301970,Леонид Муравьев,+9 343 782 23 10,"324237, Сахалинская область
Сочи, 2094 Franco проспект",1114999
492,1627416532302,Ирина Мельникова,+7 632 327 54 30,self-pickup,1024999
493,1626499475070,Виктор Сысоев,+7 585 675 63 58,"372526, Кемеровская область
Москва, 263 Рыбакова площадь",1004999
494,1633850053901,Вероника Архипова,+7 941 764 57 38,"289319, Псковская область
Волгоград, 444 Михеев ул.",299999
495,1624054851282,Макар Павлов,+7 299 441 34 85,self-pickup,1439999
496,1630856021935,Михаил Харитонов,+5 554 531 70 29,self-pickup,819999
497,1627273714355,Валерий Быков,+7 822 595 14 43,"327991, Псковская область
Магнитогорск, 23509 Eldred пл.",1364999
498,1628690030954,Григорий Мартынов,+4 559 239 96 17,"466234, Республика Алтай Республика Дагестан
Астрахань, 161 Антонова ул.",314999
499,1612435536040,Регина Елисеева,+8 810 640 31 57,self-pickup,1279999
500,1616627173679,Антон Беспалов,+8 848 385 33 84,"265189, Таймырский (Долгано-Ненецкий) автономный округ
Ярославль, 158 Royce пр.",864999
501,1620373024367,Варвара Сергеева,+7 708 646 68 25,self-pickup,749999
502,1604165835194,Даниил Беляков,+7 785 898 61 40,self-pickup,704999
503,1624807635527,Игнатий Казаков,+7 512 737 16 96,"787481, Коми-Пермяцкий автономный округ
Курск, 0455 Игнатов ул.",1159999
504,1605210644817,Михаил Горшков,+6 258 931 52 10,"215746, Ненецкий автономный округ
Киров, 8855 Блохина площадь",664999
505,1607722814679,Анфиса Бобылева,+2 365 724 72 82,"756971, Белгородская область
Казань, 805 Владимирова пл.",154999
506,1613681756020,Владимир Павлов,+7 365 716 30 21,self-pickup,304999
507,1618522544173,Лука Захаров,+7 944 718 34 65,"714511, Усть-Ордынский Бурятский автономный округ
Рязань, 452 Русакова ул.",1434999
508,1613999148416,Дмитрий Мартынов,+7 311 302 23 63,"495891, Республика Мордовия
Уфа, 0803 Симонова пл.",234999
509,1632083345899,Никита Дьячков,+7 692 548 68 05,self-pickup,959999
510,1623186190739,Николай Бирюков,+7 675 646 66 04,"699426, Коми-Пермяцкий автономный округ
Омск, 417 Kristina ул.",374999
511,1606799094159,Елизавета Молчанова,+8 681 889 50 69,"146381, Магаданская область
Новосибирск, 6116 Jamie ул.",804999
512,1630664108487,Антон Суворов,+4 980 917 46 17,"074816, Хабаровский край
Чебоксары, 60970 Новиков улица",949999
513,1614556746368,Анастасия Маслова,+3 911 827 65 98,"085299, Ярославская область
Тольятти, 4087 Носова пл.",1304999
514,1622731491830,Василиса Меркушева,+7 624 470 32 29,"624443, Коми-Пермяцкий автономный округ
Хабаровск, 68478 Vance площадь",474999
515,1610067929103,Зинаида Смирнова,+8 363 612 81 72,"531248, Республика Коми
Краснодар, 763 Исаев пр.",844999
516,1623094548143,Вячеслав Кузьмин,+7 848 294 03 69,self-pickup,469999
517,1633182021286,Жанна Шилова,+6 612 584 20 29,"507689, Республика Саха (Якутия)
Иваново, 9279 Максимова проспект",484999
518,1605354532367,Ксения Кондратьева,+5 411 550 38 10,"841821, Магаданская область
Челябинск, 065 Филатова ул.",1409999
519,1631994971339,Борис Егоров,+7 670 468 52 51,"095603, Еврейская автономная область
Владимир, 4084 Уварова пр.",564999
520,1633352501978,Фёдор Одинцов,+9 598 458 07 87,"583722, Тульская область
Санкт-Петербург, 93084 Аксенова пл.",389999
521,1604943714591,Анастасия Павлова,+2 887 307 39 70,self-pickup,634999
522,1606793639065,Алексей Потапов,+9 351 814 12 61,"730176, Красноярский край
Барнаул, 74880 Мартынова проспект",1399999
523,1621919018682,Клавдия Зиновьева,+3 999 702 50 42,self-pickup,1319999
524,1609533683593,Константин Дроздов,+7 451 968 13 20,self-pickup,1299999
525,1618232862396,Макар Устинов,+7 735 606 52 40,"164004, Агинский Бурятский авт. округ
Новосибирск, 24307 Bonnie улица",654999
526,1615059263211,Денис Титов,+5 952 647 18 03,"074886, Тульская область
Нижний Новгород, 1886 Jessyca проспект",694999
527,1613054176772,Василий Беспалов,+6 842 633 35 77,"180010, Республика Татарстан
Томск, 9306 Antwon пр.",144999
528,1624392285461,Зоя Карпова,+7 797 266 78 24,self-pickup,909999
529,1605115229128,Анжела Власова,+2 694 260 56 69,self-pickup,449999
530,1619045534336,Константин Мельников,+2 941 309 38 58,"976221, Нижегородская область
Хабаровск, 874 Jeremy улица",274999
531,1606267683496,Григорий Кузнецов,+7 366 966 72 41,self-pickup,624999
532,1603688578152,Анжела Филиппова,+7 369 553 87 30,self-pickup,934999
533,1618085026641,Виктор Игнатов,+6 642 790 49 35,self-pickup,669999
534,1608218535349,Борис Лаврентьев,+7 671 433 25 57,"619597, Сахалинская область
Магнитогорск, 1232 Кириллова улица",444999
535,1630074328503,Зоя Мартынова,+7 376 569 77 91,self-pickup,1324999
536,1625445908343,Раиса Федосеева,+7 882 620 95 98,"775838, Амурская область
Волгоград, 728 Evert площадь",584999
537,1617193330794,Тамара Калинина,+7 452 318 87 94,self-pickup,284999
538,1603149815691,Клавдия Зайцева,+4 767 783 91 06,"009521, Ленинградская область
Иваново, 5641 Фролова улица",1264999
539,1628163166591,Матвей Смирнов,+7 968 350 73 17,"218543, Новосибирская область
Брянск, 41317 Bobbie площадь",1284999
540,1612175615156,Егор Ширяев,+4 938 938 11 11,self-pickup,799999
541,1626938406138,Екатерина Рожкова,+9 438 993 41 68,"668156, Республика Татарстан
Владивосток, 7863 Данилов улица",579999
542,1624089281022,Анна Некрасова,+7 856 529 40 58,"672023, Кировская область
Липецк, 4887 Горбунов ул.",1139999
543,1607606619310,Матвей Елисеев,+8 315 273 32 25,"407474, Новгородская область
Иваново, 36855 Yolanda проспект",829999
544,1620895497872,Виталий Быков,+4 426 885 58 27,self-pickup,354999
545,1633109266512,Светлана Большакова,+7 402 377 62 76,"616174, Республика Северная Осетия-Алания
Иркутск, 6038 Рыбакова улица",784999
546,1623593056881,Василиса Воробьева,+4 303 233 05 20,"474628, Новосибирская область
Саратов, 3301 Eudora площадь",1124999
547,1618248968898,Алевтина Пономарева,+8 230 451 86 64,"142495, Агинский Бурятский авт. округ
Томск, 07795 Jakob пл.",514999
548,1604176804372,Лаврентий Стрелков,+7 668 634 85 64,"758523, Омская область
Казань, 627 Rick пр.",1289999
549,1616544603336,Игнатий Сысоев,+7 218 244 53 35,"074909, Брянская область
Сочи, 818 Селезнев проспект",294999
550,1611854022376,Николай Орехов,+7 345 974 98 05,"844891, Республика Северная Осетия-Алания
Тула, 30470 Kianna пл.",1199999
551,1605553479358,София Кузнецова,+9 241 429 25 51,self-pickup,1414999
552,1614412562090,Лидия Крюкова,+8 382 405 90 56,"705241, Республика Алтай Республика Дагестан
Тула, 3059 Голубева пл.",1174999
553,1621142316619,Николай Козлов,+9 416 552 90 80,"998835, Приморский край
Санкт-Петербург, 22138 Зимина площадь",804999
554,1619569605652,Антонина Колобова,+7 283 959 51 55,self-pickup,1024999
555,1616912041740,Ульяна Гусева,+7 710 293 92 57,self-pickup,99999
556,1627271995171,Владимир Пестов,+6 891 512 24 68,"837259, Ненецкий автономный округ
Нижний Новгород, 8577 Чернов пр.",184999
557,1605001546614,Фёдор Родионов,+7 967 926 76 43,self-pickup,1324999
558,1631338414156,Анфиса Стрелкова,+7 608 924 33 47,"912971, Республика Башкортостан
Краснодар, 388 Костина ул.",139999
559,1610600460392,Лука Павлов,+2 733 609 20 56,self-pickup,1384999
560,1632653142473,Таисия Орлова,+7 759 437 86 97,"308893, Оренбургская область
Липецк, 683 Logan пл.",839999
561,1607922190372,Алексей Марков,+5 356 474 55 64,"347686, Республика Адыгея
Ульяновск, 251 Носкова ул.",459999
562,1632407008463,Валентин Поляков,+6 856 835 44 34,self-pickup,914999
563,1624378031506,Ангелина Соловьева,+7 540 912 89 95,self-pickup,1104999
564,1619504488897,Виктория Рябова,+7 624 264 50 55,self-pickup,1079999
565,1615499485583,Станислав Калашников,+7 362 694 70 87,"673419, Республика Карелия
Тольятти, 891 Johnson пр.",1409999
566,1616233342247,Фёдор Макаров,+3 656 729 61 89,"605705, Архангельская область
Тольятти, 33127 Федосеев ул.",354999
567,1617548569593,Иван Котов,+4 383 252 35 42,"431830, Новгородская область
Пенза, 21524 Jasper проспект",134999
568,1612423485084,Галина Богданова,+7 403 798 57 65,"377883, Воронежская область
Рязань, 8376 Панова улица",129999
569,1626852419785,Наталья Копылова,+6 967 770 49 88,"889563, Кемеровская область
Иркутск, 8696 Нестеров площадь",729999
570,1604025237325,Римма Якушева,+7 921 864 05 69,self-pickup,974999
571,1620502102873,Варвара Чернова,+9 277 657 22 25,self-pickup,429999
572,1614784977412,Анатолий Большаков,+8 649 690 16 72,"542020, Мурманская область
Санкт-Петербург, 980 Isabell проспект",544999
573,1620033786227,Ирина Андреева,+7 745 601 14 47,self-pickup,1264999
574,1603456875250,Наталья Фокина,+6 297 462 38 91,self-pickup,1334999
575,1623100852872,Вероника Зыкова,+7 433 929 05 19,"391511, Пензенская область
Тверь, 934 Geovanni ул.",909999
576,1615313176261,Клавдия Гордеева,+7 823 507 64 10,"383427, Кемеровская область
Астрахань, 3374 Харитонов ул.",269999
577,1629538625256,Вячеслав Веселов,+7 926 239 29 44,"427260, Московская область
Барнаул, 130 Дроздов ул.",574999
578,1634213976099,Раиса Зайцева,+7 821 512 97 04,self-pickup,194999
579,1621999766708,Евгения Носова,+2 444 415 53 30,self-pickup,684999
580,1621214704934,Иван Русаков,+7 314 732 65 18,self-pickup,204999
581,1632510986626,Дарья Наумова,+7 890 587 75 26,self-pickup,184999
582,1615943458117,Анна Устинова,+7 917 915 50 70,"322927, Республика Марий Эл
Санкт-Петербург, 61290 Oren ул.",1034999
583,1610004418185,Людмила Артемьева,+8 888 303 75 37,self-pickup,579999
584,1613602235948,Надежда Блохина,+6 559 906 53 62,self-pickup,274999
585,1620504946892,Анастасия Кабанова,+7 462 454 25 87,self-pickup,1309999
586,1618886959540,Алла Мельникова,+7 608 493 30 04,self-pickup,1229999
587,1629467369029,Геннадий Лапин,+2 521 716 01 33,"392320, Челябинская область
Белгород, 311 Daren пл.",869999
588,1608237510260,Илья Титов,+2 201 906 46 29,self-pickup,559999
589,1624666446642,Матвей Лебедев,+7 482 693 68 41,self-pickup,899999
590,1620775028216,Алевтина Козлова,+7 350 965 35 78,"584404, Ставропольский край
Астрахань, 5078 Roberta ул.",229999
591,1629465137482,Роман Шестаков,+4 705 357 62 13,"862456, Читинская область
Челябинск, 326 Журавлев улица",1169999
592,1633809007557,Илья Чернов,+7 846 365 79 57,self-pickup,634999
593,1620600243858,Александра Бирюкова,+8 283 410 90 09,self-pickup,1219999
594,1632873710410,Александр Гордеев,+5 920 455 07 28,self-pickup,519999
595,1620612641661,Римма Герасимова,+4 357 423 29 62,"743198, Республика Северная Осетия-Алания
Владимир, 58042 Фролова улица",234999
596,1627915719631,Виталий Ситников,+7 243 712 65 88,"029078, Республика Саха (Якутия)
Владимир, 84854 Lia пл.",624999
597,1633084921232,Раиса Журавлева,+7 468 761 58 88,"418282, Республика Алтай Республика Дагестан
Самара, 1062 Dena пл.",1269999
598,1612270597590,Илья Гущин,+7 777 969 04 08,"618107, Республика Марий Эл
Санкт-Петербург, 0400 Magali пл.",869999
599,1606724874825,Валентин Воронцов,+7 409 588 49 61,self-pickup,1129999
600,1631800932231,Ульяна Сидорова,+7 746 379 57 49,self-pickup,869999
601,1616395592788,Алексей Федоров,+7 232 944 29 79,"047221, Республика Алтай Республика Дагестан
Иваново, 47903 Meagan ул.",1194999
602,1622336760627,Вадим Русаков,+9 657 412 70 42,"476190, Тульская область
Астрахань, 51546 Кузьмина пр.",1269999
603,1618070684752,Степан Савельев,+5 378 914 99 94,self-pickup,689999
604,1618310459250,Валерий Данилов,+5 954 855 32 46,self-pickup,1459999
605,1614609367488,Василиса Ершова,+7 397 336 72 71,"179865, Курганская область
Самара, 46264 Milford площадь",624999
606,1630087550257,Екатерина Гущина,+7 490 393 99 83,self-pickup,109999
607,1621688635750,Клавдия Голубева,+7 777 807 01 79,self-pickup,629999
608,1629266092196,Антон Белозеров,+4 575 493 58 33,"579834, Чукотский автономный округ
Казань, 016 Новиков улица",434999
609,1611606239032,Георгий Шестаков,+7 687 602 38 29,"990995, Агинский Бурятский авт. округ
Санкт-Петербург, 79976 Котов пл.",629999
610,1615185946109,Михаил Дорофеев,+6 330 497 34 10,"767210, Вологодская область
Оренбург, 096 Лаврентьев пл.",419999
611,1621218875097,Анжелика Медведева,+7 389 632 94 38,"182269, Усть-Ордынский Бурятский автономный округ
Санкт-Петербург, 175 Гусев площадь",554999
612,1621612072206,Тамара Алексеева,+7 319 499 84 13,"693968, Тамбовская область
Тольятти, 83222 Котова ул.",494999
613,1615313837413,Станислав Журавлев,+7 987 893 78 22,self-pickup,1364999
614,1607311225443,Илья Беляев,+6 814 813 82 51,self-pickup,444999
615,1633570864735,Варвара Силина,+4 691 721 29 18,self-pickup,544999
616,1617193412700,Оксана Крюкова,+7 691 738 56 73,"938171, Республика Марий Эл
Тольятти, 9233 Миронов площадь",1464999
617,1611140255281,Любовь Анисимова,+7 525 808 27 21,"946289, Усть-Ордынский Бурятский автономный округ
Ставрополь, 8185 Зайцева пл.",1334999
618,1620810841387,Надежда Воронцова,+7 293 987 22 16,self-pickup,984999
619,1625572654959,Екатерина Владимирова,+8 960 805 35 12,self-pickup,824999
620,1608833830655,Маргарита Сазонова,+7 299 309 39 56,self-pickup,99999
621,1619629176670,Вера Крылова,+8 270 448 49 98,"348200, Кемеровская область
Пермь, 500 Zoe пр.",934999
622,1606035299470,Геннадий Селезнев,+7 694 482 06 55,self-pickup,244999
623,1632711142560,Тамара Антонова,+3 245 532 28 02,self-pickup,999999
624,1632994534285,Анастасия Федосеева,+2 668 331 03 68,"556727, Камчатская область
Саратов, 02131 Annetta пр.",1379999
625,1609761068732,Эдуард Артемьев,+4 398 368 22 90,self-pickup,1229999
626,1603420575121,Ольга Захарова,+7 809 547 61 31,"319485, Республика Тыва
Астрахань, 601 Соловьев пл.",629999
627,1625008418742,Анжелика Назарова,+7 380 845 47 70,"918115, Орловская область
Саратов, 95989 Никитина пр.",214999
628,1633050458524,Тамара Беляева,+9 676 637 97 25,self-pickup,564999
629,1633383952244,Нина Мишина,+7 322 480 40 86,"443203, Ямало-Ненецкий автономный округ
Красноярск, 43998 Павлов улица",564999
630,1609012786533,Леонид Петухов,+6 460 279 04 39,self-pickup,314999
631,1631336955412,Александра Горбачева,+7 292 235 41 61,"068176, Новосибирская область
Томск, 6497 Dianna проспект",624999
632,1603187970121,Андрей Артемьев,+5 247 612 68 48,"855502, Курганская область
Владивосток, 2521 Paolo пл.",1419999
633,1619293420799,Антонида Родионова,+3 526 211 28 20,self-pickup,699999
634,1606255318309,Владислав Поляков,+7 941 288 63 47,"837806, Новгородская область
Тольятти, 9552 Lilly ул.",1254999
635,1614599210022,Борис Бобылев,+7 888 556 01 03,"979770, Краснодарский край
Барнаул, 16813 Мартынова проспект",564999
636,1615412589041,Эдуард Харитонов,+4 968 859 05 14,self-pickup,204999
637,1627249151993,Станислав Ефимов,+7 469 628 24 66,self-pickup,304999
638,1619992132889,Геннадий Якушев,+9 610 698 02 67,self-pickup,1409999
639,1627289888709,Андрей Костин,+7 810 639 76 01,"012445, Белгородская область
Рязань, 49099 Clinton пл.",314999
640,1628986774219,Геннадий Ершов,+7 202 735 72 18,self-pickup,819999
641,1616984052597,Аркадий Егоров,+7 907 202 28 28,"533026, Смоленская область
Барнаул, 18593 Barton улица",344999
642,1628729845497,Вероника Рыбакова,+7 701 995 97 32,"903784, Чувашская Республика
Томск, 83739 Назаров проспект",1494999
643,1632788098946,Жанна Галкина,+7 769 972 15 32,"202222, Амурская область
Иваново, 08049 Щукина проспект",1179999
644,1613890980118,Зоя Титова,+7 984 699 37 14,"832233, Калужская область
Волгоград, 598 Queenie улица",309999
645,1629458636530,Владислав Яковлев,+9 459 534 10 93,"498354, Саратовская область
Ижевск, 105 Коновалов улица",184999
646,1625606128068,Елена Субботина,+2 539 275 89 36,"451416, Ростовская область
Воронеж, 56762 Sincere пл.",1024999
647,1612553846862,Аркадий Мамонтов,+8 803 373 81 63,self-pickup,254999
648,1619272088210,Дарья Маркова,+7 864 816 55 67,self-pickup,1394999
649,1626220558055,Лариса Борисова,+7 895 210 81 50,self-pickup,929999
650,1624119982267,Артём Давыдов,+7 236 712 53 04,self-pickup,1254999
651,1625381426329,Леонид Трофимов,+3 500 717 16 85,self-pickup,434999
652,1630650225816,Ульяна Степанова,+6 339 680 12 07,"949900, Чукотский автономный округ
Оренбург, 918 Wilfred ул.",714999
653,1619323697822,Эдуард Моисеев,+6 431 668 20 91,"813309, Воронежская область
Москва, 56056 Kaela площадь",409999
654,1604321328646,Семён Козлов,+2 997 491 01 71,"418528, Чукотский автономный округ
Уфа, 61696 Meredith пр.",159999
655,1614939908770,Матвей Цветков,+7 467 674 12 25,self-pickup,394999
656,1603468442508,Вера Рябова,+8 804 950 78 10,"088056, Тульская область
Рязань, 972 Bart пл.",1199999
657,1618647484486,Лаврентий Аксенов,+7 541 280 30 60,"833765, Ставропольский край
Кемерово, 5458 Чернов ул.",959999
658,1624129323500,Алексей Котов,+6 704 628 04 72,self-pickup,749999
659,1608392405676,Матвей Тетерин,+7 388 566 67 63,"968859, Калиниградская область
Сочи, 00864 Dewayne улица",359999
660,1610025088776,Ульяна Рыбакова,+8 564 550 47 53,"151189, Республика Татарстан
Иваново, 7298 Борисов ул.",1494999
661,1609628779132,Ирина Маслова,+2 419 957 56 88,self-pickup,1084999
662,1628528721933,Сергей Калашников,+4 270 755 68 10,self-pickup,1189999
663,1626967841822,Владимир Денисов,+7 725 911 71 29,"770159, Коми-Пермяцкий автономный округ
Иркутск, 077 Lourdes ул.",969999
664,1626150082305,Станислав Самсонов,+3 990 774 51 16,self-pickup,514999
665,1617257406700,Григорий Гущин,+4 340 476 38 91,self-pickup,414999
666,1607250836583,Иван Абрамов,+9 229 843 64 99,self-pickup,119999
667,1615289433782,Анжелика Павлова,+7 224 276 57 70,self-pickup,569999
668,1633820869765,Валерия Иванова,+7 213 868 71 44,"528689, Республика Ингушетия
Иркутск, 0395 Кононов ул.",1339999
669,1621298472765,Анатолий Медведев,+7 570 317 53 30,self-pickup,1314999
670,1622371089400,Семён Соколов,+4 968 726 27 73,self-pickup,324999
671,1613735681552,Ксения Щукина,+7 458 346 49 37,self-pickup,1454999
672,1622992934706,Раиса Исакова,+7 728 398 83 05,"103507, Ивановская область
Киров, 403 Landen проспект",624999
673,1616678519458,Анна Крылова,+7 668 701 14 79,self-pickup,1229999
674,1610055221988,Роман Миронов,+8 394 201 46 59,self-pickup,149999
675,1618062709094,Алла Корнилова,+4 871 911 89 25,"677520, Чувашская Республика
Краснодар, 50808 Антонов площадь",764999
676,1607099667069,Клавдия Андреева,+7 394 875 24 55,"980351, Ульяновская область
Новокузнецк, 6676 Громова пр.",1324999
677,1610641066741,Фёдор Дмитриев,+3 635 830 89 53,self-pickup,1284999
678,1621286527182,Анжелика Большакова,+7 671 500 88 15,"250218, Приморский край
Иваново, 4644 Emile площадь",1259999
679,1609079380433,София Кудряшова,+4 513 653 81 32,"077271, Тверская область
Иваново, 0739 Евсеева проспект",1314999
680,1629047588903,Ангелина Титова,+9 788 225 43 12,self-pickup,879999
681,1620111612998,Борис Прохоров,+5 402 894 02 43,self-pickup,1114999
682,1620866941670,Николай Исаев,+7 799 940 74 52,self-pickup,1364999
683,1616959107783,Зинаида Бобылева,+7 272 700 55 58,self-pickup,454999
684,1633958132069,Ангелина Рожкова,+7 518 663 08 23,self-pickup,1449999
685,1633002106235,Тамара Кузьмина,+7 745 223 24 95,self-pickup,194999
686,1619181778500,Илья Лукин,+2 701 684 47 63,self-pickup,1029999
687,1605074415433,Маргарита Одинцова,+8 894 681 06 21,"673356, Рязанская область
Волгоград, 757 Нестерова пл.",1244999
688,1616308303941,Ксения Денисова,+9 505 665 53 81,"017145, Новгородская область
Ярославль, 88446 Ulices ул.",1364999
689,1618363221289,Оксана Пахомова,+4 256 537 78 26,"858349, Камчатская область
Уфа, 09730 Felipe площадь",324999
690,1628977251420,Геннадий Никонов,+5 264 913 08 13,self-pickup,859999
691,1611456521690,Зинаида Соловьева,+7 310 456 72 02,"253717, Республика Северная Осетия-Алания
Сочи, 6860 Жукова площадь",484999
692,1605723359386,Виктор Горшков,+7 839 586 03 91,"424973, Усть-Ордынский Бурятский автономный округ
Хабаровск, 0700 Melyssa улица",1489999
693,1616383223988,Людмила Белякова,+4 270 558 33 80,"696014, Сахалинская область
Рязань, 0317 Калинин площадь",209999
694,1621373513737,Евгений Комиссаров,+6 335 243 90 61,"488219, Алтайский край
Новокузнецк, 58601 Ершова улица",459999
695,1628842033296,Юрий Титов,+7 263 470 52 54,self-pickup,1149999
696,1634483808738,Алёна Гурьева,+7 937 375 86 86,self-pickup,1239999
697,1620906813971,Алла Павлова,+7 950 728 76 48,self-pickup,879999
698,1632555282106,Геннадий Колобов,+5 319 844 15 05,"913630, Камчатская область
Владивосток, 973 Архипова пр.",744999
699,1633038394381,Виктория Самсонова,+7 273 337 13 23,self-pickup,1239999
700,1603772873787,Антонина Соловьева,+7 645 432 85 34,"806270, Ростовская область
Саратов, 75567 Сорокина ул.",659999
701,1623714870597,Эдуард Орлов,+3 676 716 23 91,self-pickup,669999
702,1613409427884,Антонида Яковлева,+7 472 813 62 36,self-pickup,684999
703,1617589751062,Надежда Галкина,+7 852 528 06 06,self-pickup,724999
704,1619968948833,Антонида Ефимова,+2 754 359 23 79,self-pickup,1039999
705,1606517537190,Анжелика Денисова,+8 565 651 71 41,self-pickup,944999
706,1630960585152,Юлия Николаева,+7 635 384 73 69,self-pickup,1399999
707,1632999847169,Евгений Сазонов,+9 443 940 27 19,"683137, Кемеровская область
Магнитогорск, 888 Ezekiel пр.",454999
708,1628618475460,Ксения Моисеева,+7 768 960 86 75,"543732, Челябинская область
Нижний Новгород, 09227 Беляева улица",769999
709,1620173040527,Никита Миронов,+7 903 826 92 43,self-pickup,169999
710,1605122818238,Варвара Воронцова,+7 822 898 66 82,"897378, Ямало-Ненецкий автономный округ
Липецк, 27743 Власова пл.",344999
711,1623937104066,Любовь Ефремова,+8 664 657 44 73,"252842, Удмуртская Республика
Брянск, 40878 Piper улица",819999
712,1615188542646,Алла Силина,+8 930 232 92 81,"207352, Сахалинская область
Екатеринбург, 603 Пестова ул.",1169999
713,1623750302272,Григорий Ефремов,+7 651 951 32 86,"342871, Томская область
Челябинск, 7170 Frederic пл.",799999
714,1629096529609,Раиса Мамонтова,+6 979 776 37 60,"014318, Читинская область
Курск, 167 Кулаков проспект",1094999
715,1603319126943,Зоя Зиновьева,+7 836 457 34 35,"221024, Сахалинская область
Екатеринбург, 4328 Бирюков пр.",729999
716,1627192620504,Валентина Блохина,+7 673 204 28 97,"862836, Ставропольский край
Барнаул, 1614 Егорова пл.",809999
717,1615457340119,Ярослав Егоров,+7 292 530 93 87,"324054, Камчатская область
Нижний Новгород, 531 Горбунова пр.",449999
718,1630676513030,Евгений Кулагин,+3 468 544 58 53,"266332, Сахалинская область
Томск, 5301 Панфилов ул.",309999
719,1613963848929,Алина Степанова,+2 521 712 92 34,self-pickup,509999
720,1623690955517,Вадим Семенов,+7 288 921 84 17,"267803, Еврейская автономная область
Казань, 7215 Pietro улица",374999
721,1626985753804,Лидия Беспалова,+2 989 587 10 20,"001129, Ненецкий автономный округ
Магнитогорск, 7722 Kylee пр.",1104999
722,1621390994447,Лариса Власова,+7 609 237 28 70,self-pickup,669999
723,1627385685167,Любовь Шестакова,+3 625 824 46 91,"390502, Таймырский (Долгано-Ненецкий) автономный округ
Ижевск, 62312 Willis проспект",159999
724,1613654581055,Евгений Архипов,+5 746 309 74 24,"291268, Краснодарский край
Сочи, 01027 Константинов пр.",259999
725,1620097987301,Николай Анисимов,+2 357 754 69 75,self-pickup,594999
726,1616514474090,Клавдия Ершова,+7 605 398 09 47,"745832, Республика Татарстан
Хабаровск, 252 Keven ул.",1144999
727,1611253971365,Маргарита Абрамова,+7 871 951 12 13,"130256, Тюменская область
Пермь, 0052 Захаров пр.",259999
728,1610238654478,Николай Тимофеев,+7 404 210 42 42,"705456, Тверская область
Самара, 09781 Deron пл.",959999
729,1605796162753,Вера Некрасова,+9 802 314 24 28,self-pickup,184999
730,1622210987413,Евгений Абрамов,+3 947 559 77 82,"992488, Мурманская область
Астрахань, 82302 Federico площадь",359999
731,1630490067247,Вячеслав Куликов,+4 310 945 70 36,self-pickup,799999
732,1609658035988,Виктор Буров,+7 769 373 46 86,self-pickup,949999
733,1607751518935,Арина Власова,+7 406 752 62 28,"012326, Тюменская область
Сочи, 4413 Luz пр.",389999
734,1617648802528,Дарья Юдина,+7 251 492 22 71,self-pickup,179999
735,1617258371018,Артём Миронов,+7 625 811 13 43,"804334, Еврейская автономная область
Барнаул, 93658 Rodrick ул.",984999
736,1617208582763,Владимир Пестов,+7 332 728 29 54,"372508, Смоленская область
Липецк, 7298 Horacio пл.",469999
737,1620239172045,Римма Сидорова,+3 992 584 74 44,self-pickup,1294999
738,1604088711031,Егор Васильев,+7 533 974 42 26,self-pickup,1124999
739,1604699888174,Роман Абрамов,+4 202 899 05 23,"442304, Чувашская Республика
Кемерово, 865 Jaclyn пр.",774999
740,1631455903105,Вероника Стрелкова,+8 540 641 03 18,"220911, Ямало-Ненецкий автономный округ
Санкт-Петербург, 538 Aliza пр.",634999
741,1622914328531,Геннадий Казаков,+7 875 316 83 62,self-pickup,469999
742,1610689268199,Лаврентий Мухин,+6 828 745 72 10,self-pickup,939999
743,1609678340789,Антонина Федосеева,+7 232 854 50 15,self-pickup,604999
744,1624090911574,Аркадий Горшков,+7 610 955 19 04,"986348, Усть-Ордынский Бурятский автономный округ
Омск, 738 Winnifred ул.",1179999
745,1615307167568,Ярослав Федоров,+7 869 385 77 06,self-pickup,194999
746,1607364986384,Игнатий Кузьмин,+7 598 305 64 52,"624698, Магаданская область
Тверь, 80782 Jackson ул.",1149999
747,1616790077854,Алла Чернова,+6 227 604 87 98,"626978, Новосибирская область
Брянск, 13587 Elisabeth пр.",1019999
748,1615644798527,Виктория Давыдова,+8 886 943 60 98,self-pickup,1024999
749,1607109642676,Валентин Миронов,+8 566 329 78 83,self-pickup,444999
750,1617606577962,Василий Морозов,+8 381 782 32 12,"332268, Иркутская область
Астрахань, 129 Shanny проспект",214999
751,1618245956390,Римма Герасимова,+7 681 201 67 66,self-pickup,1199999
752,1618801710607,Антонина Владимирова,+7 557 669 83 55,"189367, Кировская область
Липецк, 79529 Терентьева ул.",909999
753,1633829569208,Григорий Бирюков,+7 831 414 35 36,self-pickup,1459999
754,1611275549019,Дарья Миронова,+4 965 758 26 44,self-pickup,979999
755,1621677135008,Матвей Владимиров,+3 852 946 49 64,"345457, Курская область
Тюмень, 85830 Camille пл.",984999
756,1618978713118,Эдуард Мартынов,+7 734 768 86 75,"461515, Ульяновская область
Ярославль, 379 Kennith площадь",1159999
757,1605053399242,Маргарита Цветкова,+6 221 554 57 52,"544095, Курская область
Ульяновск, 26657 Хохлов ул.",634999
758,1624150751688,Алёна Волкова,+4 393 650 30 08,"505912, Хабаровский край
Оренбург, 8156 Keira ул.",1394999
759,1632408114397,Андрей Волков,+5 561 887 21 06,self-pickup,414999
760,1608791720148,Григорий Тарасов,+5 623 553 27 44,"252496, Калужская область
Белгород, 3394 Семенов площадь",604999
761,1627335888526,Алёна Никитина,+7 379 826 44 08,"272545, Ярославская область
Пенза, 3000 Eloisa улица",789999
762,1625780030718,Оксана Мамонтова,+4 969 528 29 50,self-pickup,1184999
763,1615911049068,Геннадий Савин,+7 251 325 72 99,self-pickup,1189999
764,1619579632290,Зоя Воронова,+7 492 603 22 15,"571951, Красноярский край
Липецк, 3402 Chasity пл.",1064999
765,1633798283730,Дарья Семенова,+8 981 567 29 57,self-pickup,629999
766,1626936144618,Евгения Ларионова,+9 984 753 06 08,self-pickup,919999
767,1609968674349,Никита Лихачев,+6 602 426 91 29,self-pickup,1354999
768,1605032185515,Юрий Трофимов,+7 623 510 84 00,"749171, Сахалинская область
Новосибирск, 8392 Brannon пл.",964999
769,1605695339815,Екатерина Герасимова,+3 403 444 05 23,"192218, Пензенская область
Казань, 246 Nicholas проспект",1319999
770,1624769015102,Валерий Поляков,+7 594 917 28 29,"465443, Ярославская область
Владивосток, 231 Титов площадь",1279999
771,1614642082398,Нина Фадеева,+7 758 554 39 76,self-pickup,1374999
772,1620364861092,Марина Власова,+6 356 862 01 22,self-pickup,1459999
773,1621611293030,Ульяна Петухова,+4 560 838 37 57,self-pickup,814999
774,1619768192279,Лариса Меркушева,+7 537 424 28 12,self-pickup,564999
775,1633978919554,Арсений Харитонов,+4 368 859 29 89,"238346, Республика Северная Осетия-Алания
Тверь, 57107 Sadie пл.",224999
776,1616164840687,Антонина Рожкова,+2 490 312 18 31,"773338, Свердловская область
Тольятти, 820 Wilbert проспект",1444999
777,1604072497094,Антонина Пономарева,+7 791 929 91 76,self-pickup,744999
778,1621719715959,Егор Григорьев,+7 951 808 17 18,self-pickup,529999
779,1634109000120,Роман Матвеев,+7 615 464 97 97,"636725, Московская область
Москва, 96781 Голубев улица",1169999
780,1604647587035,Елизавета Евдокимова,+7 604 523 84 38,self-pickup,594999
781,1604050838070,Ирина Королева,+3 897 385 95 74,self-pickup,474999
782,1605338132120,Таисия Мухина,+7 657 786 41 72,self-pickup,1359999
783,1628926264912,Григорий Силин,+7 314 479 50 89,self-pickup,759999
784,1611347230181,Лариса Одинцова,+4 429 468 33 28,"931722, Республика Карелия
Тюмень, 85685 Афанасьева пл.",1249999
785,1604433273480,Анфиса Юдина,+7 226 835 68 83,"440603, Республика Алтай Республика Дагестан
Тула, 00738 Дмитриева проспект",1484999
786,1627292715766,Даниил Родионов,+3 200 441 10 96,"517435, Сахалинская область
Екатеринбург, 2038 Meaghan пр.",204999
787,1631830107674,Арина Горшкова,+4 623 858 59 82,"006288, Липецкая область
Тольятти, 7428 Зимин площадь",614999
788,1620809572161,Анна Кириллова,+2 442 674 03 67,self-pickup,814999
789,1611500615374,Надежда Рыбакова,+5 530 509 61 63,self-pickup,1394999
790,1627078081408,Вероника Меркушева,+7 324 697 54 39,"304717, Кировская область
Краснодар, 328 Федосеева пл.",1359999
791,1613171508069,Ярослав Третьяков,+9 890 912 49 65,self-pickup,789999
792,1603498877153,Лаврентий Капустин,+7 697 940 34 59,self-pickup,1089999
793,1620151545345,Алевтина Моисеева,+6 992 542 82 87,self-pickup,569999
794,1604692853427,Валерий Попов,+2 965 675 97 53,"242231, Красноярский край
Казань, 09600 Фокина проспект",469999
795,1607157502500,Матвей Миронов,+7 754 758 58 95,"375343, Волгоградская область
Красноярск, 8200 Sedrick пр.",189999
796,1608936355463,Степан Никонов,+7 767 345 91 41,self-pickup,1029999
797,1627828870125,Людмила Гущина,+3 821 974 26 54,self-pickup,869999
798,1617047890596,Ирина Воронцова,+8 340 575 89 86,self-pickup,264999
799,1626588959926,Георгий Мамонтов,+5 978 486 85 66,self-pickup,1124999
800,1615770460047,Зоя Уварова,+2 742 820 81 20,self-pickup,979999
801,1607936508559,Марина Меркушева,+6 223 307 81 98,self-pickup,524999
802,1623183742954,Людмила Савельева,+7 961 749 09 43,self-pickup,169999
803,1631209511467,Валентин Горшков,+7 804 429 29 86,"044134, Смоленская область
Кемерово, 753 Ben пр.",184999
804,1628560366174,Александра Крылова,+7 810 326 85 81,"784017, Эвенкийский автономный округ
Владивосток, 571 Freddy пл.",674999
805,1620326391138,Татьяна Харитонова,+5 467 611 82 58,self-pickup,1184999
806,1621731206201,Виталий Соболев,+7 394 371 74 06,"861248, Алтайский край
Иваново, 62728 Якушев улица",279999
807,1628733014673,Надежда Орлова,+6 938 475 15 14,self-pickup,1399999
808,1632075974254,Алла Шашкова,+8 911 758 43 82,self-pickup,1204999
809,1614789570704,Ангелина Козлова,+2 510 446 02 57,"630169, Усть-Ордынский Бурятский автономный округ
Рязань, 573 Nash ул.",269999
810,1619531384508,Станислав Горшков,+7 334 895 46 40,self-pickup,1314999
811,1623275092971,Вера Гурьева,+6 699 354 12 92,self-pickup,1449999
812,1612201002975,Екатерина Копылова,+7 599 408 84 12,self-pickup,1459999
813,1616814337622,Раиса Логинова,+7 979 857 14 64,self-pickup,1114999
814,1615958634391,Ульяна Ильина,+7 887 383 69 93,"038715, Усть-Ордынский Бурятский автономный округ
Тверь, 797 Тихонов пр.",244999
815,1613397574223,Артём Устинов,+7 298 391 73 28,"565186, Республика Бурятия
Барнаул, 3839 Curt пл.",744999
816,1631386883558,Дмитрий Антонов,+7 266 530 92 78,self-pickup,759999
817,1616853564887,Виктория Мамонтова,+9 502 680 73 71,"072208, Республика Тыва
Ростов-на-Дону, 92893 Daisy пл.",1444999
818,1625330149452,Андрей Русаков,+7 711 510 41 21,self-pickup,874999
819,1627190646100,Алевтина Третьякова,+9 859 792 16 21,self-pickup,649999
820,1603298359818,Игнатий Федотов,+7 632 889 73 49,self-pickup,179999
821,1629707160437,Ксения Титова,+5 425 439 89 01,self-pickup,634999
822,1605977466830,Арина Иванова,+9 461 972 17 66,"226303, Ставропольский край
Саратов, 51585 Roselyn улица",1034999
823,1628658385089,Наталья Архипова,+3 959 276 99 65,"022246, Ханты-Мансийский автономный округ
Кемерово, 08371 Jeanne площадь",849999
824,1624455335620,Валентина Галкина,+7 347 217 47 85,self-pickup,1274999
825,1605366032272,Семён Аксенов,+2 436 279 98 51,"273834, Омская область
Самара, 811 Кузнецова пл.",714999
826,1624808381398,Станислав Хохлов,+4 231 700 61 28,self-pickup,589999
827,1634013474139,Виктор Гордеев,+4 999 654 08 34,"226743, Краснодарский край
Ростов-на-Дону, 2213 Ena пр.",284999
828,1615196835304,Татьяна Шарапова,+7 348 760 43 26,"219493, Таймырский (Долгано-Ненецкий) автономный округ
Екатеринбург, 3913 Журавлева улица",1329999
829,1633171279587,Светлана Тимофеева,+7 357 617 51 46,self-pickup,1459999
830,1630126326733,Даниил Филиппов,+8 386 921 27 22,self-pickup,419999
831,1630641940823,Алевтина Комарова,+7 969 404 68 91,self-pickup,504999
832,1630102384750,Елизавета Дементьева,+7 560 849 46 70,"843443, Новгородская область
Волгоград, 36645 Артемьева пр.",964999
833,1614639468584,Матвей Филиппов,+2 663 531 07 47,self-pickup,1329999
834,1625543810872,Алевтина Михайлова,+7 324 477 98 55,self-pickup,594999
